Municipality, Department, 
Leticia, Amazonas, 
Puerto Nariño, Amazonas, 
El Encanto, Amazonas, 
La Chorrera, Amazonas, 
La Pedrera, Amazonas, 
La Victoria, Amazonas, 
Mirití-Paraná, Amazonas, 
Puerto Alegría, Amazonas, 
Puerto Arica, Amazonas, 
Puerto Santander, Amazonas, 
Tarapacá, Amazonas, 
Abejorral, Antioquia, 
Abriaquí, Antioquia, 
Alejandría, Antioquia, 
Amagá, Antioquia, 
Amalfi, Antioquia, 
Andes, Antioquia, 
Angelópolis, Antioquia, 
Angostura, Antioquia, 
Anorí, Antioquia, 
Anzá, Antioquia, 
Apartadó, Antioquia, 
Arboletes, Antioquia, 
Argelia, Antioquia, 
Armenia, Antioquia, 
Barbosa, Antioquia, 
Bello, Antioquia, 
Belmira, Antioquia, 
Betania, Antioquia, 
Betulia, Antioquia, 
Bolívar, Antioquia, 
Briceño, Antioquia, 
Buriticá, Antioquia, 
Cáceres, Antioquia, 
Caicedo, Antioquia, 
Caldas, Antioquia, 
Campamento, Antioquia, 
Cañasgordas, Antioquia, 
Caracolí, Antioquia, 
Caramanta, Antioquia, 
Carepa, Antioquia, 
El Carmen de Viboral, Antioquia, 
Carolina del Príncipe, Antioquia, 
Caucasia, Antioquia, 
Chigorodó, Antioquia, 
Cisneros, Antioquia, 
Cocorná, Antioquia, 
Concepción, Antioquia, 
Concordia, Antioquia, 
Copacabana, Antioquia, 
Dabeiba, Antioquia, 
Don Matías, Antioquia, 
Ebéjico, Antioquia, 
El Bagre, Antioquia, 
Entrerríos, Antioquia, 
Envigado, Antioquia, 
Fredonia, Antioquia, 
Frontino, Antioquia, 
Giraldo, Antioquia, 
Girardota, Antioquia, 
Gómez Plata, Antioquia, 
Granada, Antioquia, 
Guadalupe, Antioquia, 
Guarne, Antioquia, 
Guatapé, Antioquia, 
Heliconia, Antioquia, 
Hispania, Antioquia, 
Itagüí, Antioquia, 
Ituango, Antioquia, 
Jardín, Antioquia, 
Jericó, Antioquia, 
La Ceja, Antioquia, 
La Estrella, Antioquia, 
La Pintada, Antioquia, 
La Unión, Antioquia, 
Liborina, Antioquia, 
Maceo, Antioquia, 
Marinilla, Antioquia, 
Medellín, Antioquia, 
Montebello, Antioquia, 
Murindó, Antioquia, 
Mutatá, Antioquia, 
Nariño, Antioquia, 
Nechí, Antioquia, 
Necoclí, Antioquia, 
Olaya, Antioquia, 
Peñol, Antioquia, 
Peque, Antioquia, 
Pueblorrico, Antioquia, 
Puerto Berrío, Antioquia, 
Puerto Nare, Antioquia, 
Puerto Triunfo, Antioquia, 
Remedios, Antioquia, 
Retiro, Antioquia, 
Rionegro, Antioquia, 
Sabanalarga, Antioquia, 
Sabaneta, Antioquia, 
Salgar, Antioquia, 
San Andrés, Antioquia, 
San Carlos, Antioquia, 
San Francisco, Antioquia, 
San Jerónimo, Antioquia, 
San José de la Montaña, Antioquia, 
San Juan de Urabá, Antioquia, 
San Luis, Antioquia, 
San Pedro, Antioquia, 
San Pedro de Urabá, Antioquia, 
San Rafael, Antioquia, 
San Roque, Antioquia, 
Santa Bárbara, Antioquia, 
Santa Fe de Antioquia, Antioquia, 
Santa Rosa de Osos, Antioquia, 
Santo Domingo, Antioquia, 
El Santuario, Antioquia, 
San Vicente, Antioquia, 
Segovia, Antioquia, 
Sonsón, Antioquia, 
Sopetrán, Antioquia, 
Támesis, Antioquia, 
Tarazá, Antioquia, 
Tarso, Antioquia, 
Titiribí, Antioquia, 
Toledo, Antioquia, 
Turbo, Antioquia, 
Uramita, Antioquia, 
Urrao, Antioquia, 
Valdivia, Antioquia, 
Valparaíso, Antioquia, 
Vegachi, Antioquia, 
Venecia, Antioquia, 
Vigía del Fuerte, Antioquia, 
Yali, Antioquia, 
Yarumal, Antioquia, 
Yolombó, Antioquia, 
Yondó, Antioquia, 
Zaragoza, Antioquia, 
Arauca, Arauca, 
Arauquita, Arauca, 
Cravo Norte, Arauca, 
Fortul, Arauca, 
Puerto Rondón, Arauca, 
Saravena, Arauca, 
Tame, Arauca, 
Baranoa, Atlántico, 
Barranquilla, Atlántico, 
Campo de la Cruz, Atlántico, 
Candelaria, Atlántico, 
Galapa, Atlántico, 
Juan de Acosta, Atlántico, 
Luruaco, Atlántico, 
Malambo, Atlántico, 
Manatí, Atlántico, 
Palmar de Varela, Atlántico, 
Piojó, Atlántico, 
Polonuevo, Atlántico, 
Ponedera, Atlántico, 
Puerto Colombia, Atlántico, 
Repelón, Atlántico, 
Sabanagrande, Atlántico, 
Sabanalarga, Atlántico, 
Santa Lucia, Atlántico, 
Santo Tomas, Atlántico, 
Soledad, Atlántico, 
Suan, Atlántico, 
Tubará, Atlántico, 
Usiacurí, Atlántico, 
Antonio Nariño, Bogotá, 
Barrios Unidos, Bogotá, 
Bosa, Bogotá, 
Chapinero, Bogotá, 
Ciudad Bolívar, Bogotá, 
Engativá, Bogotá, 
Fontibón, Bogotá, 
Kennedy, Bogotá, 
La Candelaria, Bogotá, 
Los Mártires, Bogotá, 
Puente Aranda, Bogotá, 
Rafael Uribe Uribe, Bogotá, 
San Cristóbal, Bogotá, 
Santa Fe, Bogotá, 
Suba, Bogotá, 
Sumapaz, Bogotá, 
Teusaquillo, Bogotá, 
Tunjuelito, Bogotá, 
Usaquén, Bogotá, 
Usme, Bogotá, 
Achí, Bolívar, 
Altos del Rosario, Bolívar, 
Arenal, Bolívar, 
Arjona, Bolívar, 
Arroyo Hondo, Bolívar, 
Barranco de Loba, Bolívar, 
Calamar, Bolívar, 
Cantagallo, Bolívar, 
Cartagena, Bolívar, 
Cicuco, Bolívar, 
Clemencia, Bolívar, 
Córdoba, Bolívar, 
El Carmen de Bolívar, Bolívar, 
El Guamo, Bolívar, 
El Peñón, Bolívar, 
Hatillo de Loba, Bolívar, 
Magangué, Bolívar, 
Mahates, Bolívar, 
Margarita, Bolívar, 
María La Baja, Bolívar, 
Mompox, Bolívar, 
Montecristo, Bolívar, 
Morales, Bolívar, 
Norosí, Bolívar, 
Pinillos, Bolívar, 
Regidor, Bolívar, 
Rio Viejo, Bolívar, 
San Cristóbal, Bolívar, 
San Estanislao, Bolívar, 
San Fernando, Bolívar, 
San Jacinto, Bolívar, 
San Juan Nepomuceno, Bolívar, 
San Martín de Loba, Bolívar, 
San Pablo, Bolívar, 
Santa Catalina, Bolívar, 
Santa Rosa, Bolívar, 
Santa Rosa del Sur, Bolívar, 
Simití, Bolívar, 
Soplaviento, Bolívar, 
Talaiga Nuevo, Bolívar, 
Tiquisio, Bolívar, 
Turbaco, Bolívar, 
Turbana, Bolívar, 
Villanueva, Bolívar, 
Zambrano, Bolívar, 
Almeida, Boyacá, 
Aquitania, Boyacá, 
Arcabuco, Boyacá, 
Belén, Boyacá, 
Berbeo, Boyacá, 
Betéitiva, Boyacá, 
Boavita, Boyacá, 
Boyacá, Boyacá, 
Briceño, Boyacá, 
Buenavista, Boyacá, 
Busbanzá, Boyacá, 
Caldas, Boyacá, 
Campohermoso, Boyacá, 
Cerinza, Boyacá, 
Chinavita, Boyacá, 
Chiquinquirá, Boyacá, 
Chíquiza, Boyacá, 
Chiscas, Boyacá, 
Chita, Boyacá, 
Chitaraque, Boyacá, 
Chivatá, Boyacá, 
Chivor, Boyacá, 
Ciénega, Boyacá, 
Coper, Boyacá, 
Corrales, Boyacá, 
Covarachía, Boyacá, 
Cubará, Boyacá, 
Cucaita, Boyacá, 
Cuítiva, Boyacá, 
Cómbita, Boyacá, 
Duitama, Boyacá, 
El Cocuy, Boyacá, 
El Espino, Boyacá, 
Firavitoba, Boyacá, 
Floresta, Boyacá, 
Gachantivá, Boyacá, 
Garagoa, Boyacá, 
Guacamayas, Boyacá, 
Guateque, Boyacá, 
Guayatá, Boyacá, 
Gámeza, Boyacá, 
Güicán, Boyacá, 
Iza, Boyacá, 
Jenesano, Boyacá, 
Jericó, Boyacá, 
La Capilla, Boyacá, 
La Uvita, Boyacá, 
La Victoria, Boyacá, 
Labranzagrande, Boyacá, 
Macanal, Boyacá, 
Maripí, Boyacá, 
Miraflores, Boyacá, 
Mongua, Boyacá, 
Monguí, Boyacá, 
Moniquirá, Boyacá, 
Motavita, Boyacá, 
Muzo, Boyacá, 
Nobsa, Boyacá, 
Nuevo Colón, Boyacá, 
Oicatá, Boyacá, 
Otanche, Boyacá, 
Pachavita, Boyacá, 
Paipa, Boyacá, 
Pajarito, Boyacá, 
Panqueba, Boyacá, 
Pauna, Boyacá, 
Paya, Boyacá, 
Paz de Río, Boyacá, 
Pesca, Boyacá, 
Pisba, Boyacá, 
Puerto Boyacá, Boyacá, 
Páez, Boyacá, 
Quípama, Boyacá, 
Ramiriquí, Boyacá, 
Rondón, Boyacá, 
Ráquira, Boyacá, 
Saboyá, Boyacá, 
Samacá, Boyacá, 
San Eduardo, Boyacá, 
San José de Pare, Boyacá, 
San Luis de Gaceno, Boyacá, 
San Mateo, Boyacá, 
San Miguel de Sema, Boyacá, 
San Pablo de Borbur, Boyacá, 
Santa María, Boyacá, 
Santa Rosa de Viterbo, Boyacá, 
Santa Sofía, Boyacá, 
Santana, Boyacá, 
Sativanorte, Boyacá, 
Sativasur, Boyacá, 
Siachoque, Boyacá, 
Soatá, Boyacá, 
Socha, Boyacá, 
Socotá, Boyacá, 
Sogamoso, Boyacá, 
Somondoco, Boyacá, 
Sora, Boyacá, 
Soracá, Boyacá, 
Sotaquirá, Boyacá, 
Susacón, Boyacá, 
Sutamarchán, Boyacá, 
Sutatenza, Boyacá, 
Sáchica, Boyacá, 
Tasco, Boyacá, 
Tenza, Boyacá, 
Tibaná, Boyacá, 
Tibasosa, Boyacá, 
Tinjacá, Boyacá, 
Tipacoque, Boyacá, 
Toca, Boyacá, 
Togüí, Boyacá, Boyacá, 
Tota, Boyacá, 
Tunja, Boyacá, 
Tununguá, Boyacá, 
Turmequé, Boyacá, 
Tuta, Boyacá, 
Tutazá, Boyacá, 
Tópaga, Boyacá, 
Úmbita, Boyacá, 
Ventaquemada, Boyacá, 
Villa de Leyva, Boyacá, 
Viracachá, Boyacá, 
Zetaquirá, Boyacá, 
Aguadas, Caldas, 
Anserma, Caldas, 
Aranzazu, Caldas, 
Belalcázar, Caldas, 
Chinchiná, Caldas, 
Filadelfia, Caldas, 
La Dorada, Caldas, 
La Merced, Caldas, 
Manizales, Caldas, 
Manzanares, Caldas, 
Marmato, Caldas, 
Marquetalia, Caldas, 
Marulanda, Caldas, 
Neira, Caldas, 
Norcasia, Caldas, 
Pácora, Caldas, 
Palestina, Caldas, 
Pensilvania, Caldas, 
Riosucio, Caldas, 
Risaralda, Caldas, 
Salamina, Caldas, 
Samaná, Caldas, 
San José, Caldas, 
Supía, Caldas, 
Victoria, Caldas, 
Villamaría, Caldas, 
Viterbo, Caldas, 
Casanare, Caquetá, 
Cauca, Caquetá, 
Cesar, Caquetá, 
Chocó, Caquetá, 
Córdoba, Caquetá, 
Cundinamarca, Caquetá, 
Guainía, Caquetá, 
Guaviare, Caquetá, 
Huila, Caquetá, 
La Guajira, Caquetá, 
Magdalena, Caquetá, 
Meta, Caquetá, 
Nariño, Caquetá, 
Norte de Santander, Caquetá, 
Putumayo, Caquetá, 
Quindío, Caquetá, 
Risaralda, Caquetá, 
San Andrés y Providencia, Caquetá, 
Santander, Caquetá, 
Sucre, Caquetá, 
Tolima, Caquetá, 
Valle del Cauca, Caquetá, 
Vaupés, Caquetá, 
Vichada, Caquetá, 
Aguazul, Casanare, 
Chámeza, Casanare, 
Hato Corozal, Casanare, 
La Salina, Casanare, 
Maní, Casanare, 
Monterrey, Casanare, 
Nunchía, Casanare, 
Orocué, Casanare, 
Paz de Ariporo, Casanare, 
Pore, Casanare, 
Recetor, Casanare, 
Sabanalarga, Casanare, 
Sácama, Casanare, 
San Luis de Palenque, Casanare, 
Támara, Casanare, 
Tauramena, Casanare, 
Trinidad, Casanare, 
Villanueva, Casanare, 
Yopal, Casanare, 
Almaguer, Cauca, 
Argelia, Cauca, 
Balboa, Cauca, 
Bolívar, Cauca, 
Buenos Aires, Cauca, 
Cajibio, Cauca, 
Caldono, Cauca, 
Caloto, Cauca, 
Corinto, Cauca, 
El Tambo, Cauca, 
Florencia, Cauca, 
Guachené, Cauca, 
Guapi, Cauca, 
Inza, Cauca, 
Jambalo, Cauca, 
La Sierra, Cauca, 
La Vega, Cauca, 
López de Micay, Cauca, 
Mercaderes, Cauca, 
Miranda, Cauca, 
Morales, Cauca, 
Padilla, Cauca, 
Páez, Cauca, 
Patía, Cauca, 
Piamonte, Cauca, 
Piendamó, Cauca, 
Popayán, Cauca, 
Puerto Tejada, Cauca, 
Purace, Cauca, 
Rosas, Cauca, 
San Sebastián, Cauca, 
Santander de Quilichao, Cauca, 
Santa Rosa, Cauca, 
Silvia, Cauca, 
Sotará, Cauca, 
Suarez, Cauca, 
Sucre, Cauca, 
Timbío, Cauca, 
Timbiqui, Cauca, 
Toribío, Cauca, 
Totoro, Cauca, 
Villa Rica, Cauca, 
Aguachica, Cesar, 
Astrea, Cesar, 
Becerril, Cesar, 
Bosconia, Cesar, 
Chimichagua, Cesar, 
Chiriguaná, Cesar, 
Codazzi, Cesar, 
Curumaní, Cesar, 
El Copey, Cesar, 
El Paso, Cesar, 
Gamarra, Cesar, 
González, Cesar, 
La Gloria, Cesar, 
La Jagua de Ibirico, Cesar, 
Manaure, Cesar, 
Pailitas, Cesar, 
Pelaya, Cesar, 
Pueblo Bello, Cesar, 
Rio de Oro, Cesar, 
Los Robles La Paz, Cesar, 
San Alberto, Cesar, 
San Diego, Cesar, 
San Martín, Cesar, 
Tamalameque, Cesar, 
Valledupar, Cesar, 
Acandí, Chocó, 
Alto Baudó, Chocó, 
Atrato, Chocó, 
Bagadó, Chocó, 
Bahía Solano, Chocó, 
Bajo Baudó, Chocó, 
Belén de Bajirá, Chocó, 
Bojayá, Chocó, 
Cértegui, Chocó, 
Condoto, Chocó, 
El Cantón de San Pablo, Chocó, 
El Carmen de Atrato, Chocó, 
El Carmen del Darién, Chocó, 
Istmina, Chocó, 
Juradó, Chocó, 
Litoral del San Juan, Chocó, 
Lloró, Chocó, 
Medio Atrato, Chocó, 
Medio Baudó, Chocó, 
Medio San Juan, Chocó, 
Nóvita, Chocó, 
Nuquí, Chocó, 
Quibdó, Chocó, 
Río Iró, Chocó, 
Río Quito, Chocó, 
Riosucio, Chocó, 
San José del Palmar, Chocó, 
Sipí, Chocó, 
Tadó, Chocó, 
Unguía, Chocó, 
Unión Panamericana, Chocó, 
Ayapel, Córdoba, 
Buenavista, Córdoba, 
Canalete, Córdoba, 
Cereté, Córdoba, 
Chimá, Córdoba, 
Chinú, Córdoba, 
Ciénaga de Oro, Córdoba, 
Cotorra, Córdoba, 
La Apartada, Córdoba, 
Lorica, Córdoba, 
Los Córdobas, Córdoba, 
Momil, Córdoba, 
Moñitos, Córdoba, 
Montelíbano, Córdoba, 
Montería, Córdoba, 
Planeta Rica, Córdoba, 
Pueblo Nuevo, Córdoba, 
Puerto Escondido, Córdoba, 
Puerto Libertador, Córdoba, 
Purísima, Córdoba, 
Sahagún, Córdoba, 
San Andrés de Sotavento, Córdoba, 
San Antero, Córdoba, 
San Bernardo del Viento, Córdoba, 
San Carlos, Córdoba, 
San José de Uré, Córdoba, 
San Pelayo, Córdoba, 
Tierralta, Córdoba, 
Tuchín, Córdoba, 
Valencia, Córdoba, 
Agua de Dios, Cundinamarca, 
Albán, Cundinamarca, 
Anapoima, Cundinamarca, 
Anolaima, Cundinamarca, 
Apulo, Cundinamarca, 
Arbeláez, Cundinamarca, 
Beltrán, Cundinamarca, 
Bituima, Cundinamarca, 
Bojacá, Cundinamarca, 
Cabrera, Cundinamarca, 
Cachipay, Cundinamarca, 
Cajicá, Cundinamarca, 
Caparrapí, Cundinamarca, 
Cáqueza, Cundinamarca, 
Carmen de Carupa, Cundinamarca, 
Chaguaní, Cundinamarca, 
Chipaque, Cundinamarca, 
Choachí, Cundinamarca, 
Chocontá, Cundinamarca, 
Chía, Cundinamarca, 
Cogua, Cundinamarca, 
Cota, Cundinamarca, 
Cucunubá, Cundinamarca, 
El Colegio, Cundinamarca, 
El Peñón, Cundinamarca, 
El Rosal, Cundinamarca, 
Facatativá, Cundinamarca, 
Fómeque, Cundinamarca, 
Fosca, Cundinamarca, 
Funza, Cundinamarca, 
Fusagasugá, Cundinamarca, 
Fúquene, Cundinamarca, 
Gachalá, Cundinamarca, 
Gachancipá, Cundinamarca, 
Gachetá, Cundinamarca, 
Gama, Cundinamarca, 
Girardot, Cundinamarca, 
Granada, Cundinamarca, 
Guachetá, Cundinamarca, 
Guaduas, Cundinamarca, 
Guasca, Cundinamarca, 
Guataquí, Cundinamarca, 
Guatavita, Cundinamarca, 
Guayabal de Síquima, Cundinamarca, 
Guayabetal, Cundinamarca, 
Gutiérrez, Cundinamarca, 
Jerusalen, Cundinamarca, 
Junín, Cundinamarca, 
La Calera, Cundinamarca, 
La Mesa, Cundinamarca, 
La Palma, Cundinamarca, 
La Peña, Cundinamarca, 
La Vega, Cundinamarca, 
Lenguazaque, Cundinamarca, 
Machetá, Cundinamarca, 
Madrid, Cundinamarca, 
Manta, Cundinamarca, 
Medina, Cundinamarca, 
Mosquera, Cundinamarca, 
Nariño, Cundinamarca, 
Nemocón, Cundinamarca, 
Nilo, Cundinamarca, 
Nimaima, Cundinamarca, 
Nocaima, Cundinamarca, 
Pacho, Cundinamarca, 
Paime, Cundinamarca, 
Pandi, Cundinamarca, 
Paratebueno, Cundinamarca, 
Pasca, Cundinamarca, 
Puerto Salgar, Cundinamarca, 
Pulí, Cundinamarca, 
Quebradanegra, Cundinamarca, 
Quetame, Cundinamarca, 
Quipile, Cundinamarca, 
Ricaurte, Cundinamarca, 
San Antonio del Tequendama, Cundinamarca, 
San Bernardo, Cundinamarca, 
San Cayetano, Cundinamarca, 
San Francisco, Cundinamarca, 
San Juan de Rioseco, Cundinamarca, 
Sasaima, Cundinamarca, 
Sesquilé, Cundinamarca, 
Sibaté, Cundinamarca, 
Silvania, Cundinamarca, 
Simijaca, Cundinamarca, 
Soacha, Cundinamarca, 
Sopó, Cundinamarca, 
Subachoque, Cundinamarca, 
Suesca, Cundinamarca, 
Supatá, Cundinamarca, 
Susa, Cundinamarca, 
Sutatausa, Cundinamarca, 
Tabio, Cundinamarca, 
Tausa, Cundinamarca, 
Tena, Cundinamarca, 
Tenjo, Cundinamarca, 
Tibacuy, Cundinamarca, 
Tibiritá, Cundinamarca, 
Tocaima, Cundinamarca, 
Tocancipá, Cundinamarca, 
Topaipí, Cundinamarca, 
Ubalá, Cundinamarca, 
Ubaque, Cundinamarca, 
Ubaté, Cundinamarca, 
Une, Cundinamarca, 
Útica, Cundinamarca, 
Venecia, Cundinamarca, 
Vergara, Cundinamarca, 
Vianí, Cundinamarca, 
Villagómez, Cundinamarca, 
Villapinzón, Cundinamarca, 
Villeta, Cundinamarca, 
Viotá, Cundinamarca, 
Yacopí, Cundinamarca, 
Zipacón, Cundinamarca, 
Zipaquirá, Cundinamarca, 
Albania, La Guajira, 
Barrancas, La Guajira, 
Dibulla, La Guajira, 
Distracción, La Guajira, 
El Molino, La Guajira, 
Fonseca, La Guajira, 
Hatonuevo, La Guajira, 
La Jagua del Pilar, La Guajira, 
Maicao, La Guajira, 
Manaure, La Guajira, 
Riohacha, La Guajira, 
San Juan del Cesar, La Guajira, 
Uribia, La Guajira, 
Urumita, La Guajira, 
Villanueva, La Guajira, 
Barrancominas, Guainía, 
Inirida, Guainía, 
Cacahual, Guainía, 
La Guadalupe, Guainía, 
Morichal Nuevo, Guainía, 
Pana Pana, Guainía, 
Puerto Colombia, Guainía, 
San Felipe, Guainía, 
Calamar, Guaviare, 
El Retorno, Guaviare, 
Miraflores, Guaviare, 
San José del Guaviare, Guaviare, 
Acevedo, Huila, 
Agrado, Huila, 
Aipe, Huila, 
Algeciras, Huila, 
Altamira, Huila, 
Baraya, Huila, 
Campoalegre, Huila, 
Colombia, Huila, 
Elias, Huila, 
Garzón, Huila, 
Gigante, Huila, 
Guadalupe, Huila, 
Hobo, Huila, 
Iquira, Huila, 
Isnos, Huila, 
La Argentina, Huila, 
La Plata, Huila, 
Nataga, Huila, 
Neiva, Huila, 
Oporapa, Huila, 
Paicol, Huila, 
Palermo, Huila, 
Palestina, Huila, 
Pital, Huila, 
Pitalito, Huila, 
Rivera, Huila, 
Saladoblanco, Huila, 
San Agustín, Huila, 
Santa María, Huila, 
Suaza, Huila, 
Tarqui, Huila, 
Tello, Huila, 
Teruel, Huila, 
Tesalia, Huila, 
Timaná, Huila, 
Villavieja, Huila, 
Yaguara, Huila, 
Algarrobo, Magdalena, 
Aracataca, Magdalena, 
Ariguaní, Magdalena, 
Cerro San Antonio, Magdalena, 
Chibolo, Magdalena, 
Ciénaga, Magdalena, 
Concordia, Magdalena, 
El Banco, Magdalena, 
El Piñón, Magdalena, 
El Retén, Magdalena, 
Fundación, Magdalena, 
Guamal, Magdalena, 
Nueva Granada, Magdalena, 
Pedraza, Magdalena, 
Pinto, Magdalena, 
Pijiño, Magdalena, 
Pivijay, Magdalena, 
Plato, Magdalena, 
Pueblo Viejo, Magdalena, 
Remolino, Magdalena, 
Sabanas de San Ángel, Magdalena, 
Salamina, Magdalena, 
San Sebastián de Buenavista, Magdalena, 
Santa Ana, Magdalena, 
Santa Marta, Magdalena, 
San Zenón, Magdalena, 
Sitionuevo, Magdalena, 
Tenerife, Magdalena, 
Zapayán, Magdalena, 
Zona Bananera, Magdalena, 
Acacías, Meta, 
Barranca de Upía, Meta, 
Cabuyaro, Meta, 
Castilla la Nueva, Meta, 
Cubarral, Meta, 
Cumaral, Meta, 
El Calvario, Meta, 
El Castillo, Meta, 
El Dorado, Meta, 
Fuente de Oro, Meta, 
Granada, Meta, 
Guamal, Meta, 
La Macarena, Meta, 
La Uribe, Meta, 
Lejanías, Meta, 
Mapiripán, Meta, 
Mesetas, Meta, 
Puerto Concordia, Meta, 
Puerto Gaitán, Meta, 
Puerto Lleras, Meta, 
Puerto López, Meta, 
Puerto Rico, Meta, 
Restrepo, Meta, 
San Carlos de Guaroa, Meta, 
San Juan de Arama, Meta, 
San Juanito, Meta, 
San Martín, Meta, 
Villavicencio, Meta, 
Vista Hermosa, Meta, 
Albán, Nariño, 
Aldana, Nariño, 
Ancuya, Nariño, 
Arboleda, Nariño, 
Barbacoas, Nariño, 
Belén, Nariño, 
Buesaco, Nariño, 
Chachagüí, Nariño, 
Colón (Génova), Nariño, 
Consaca, Nariño, 
Contadero, Nariño, 
Córdoba, Nariño, 
Cuaspud, Nariño, 
Cumbal, Nariño, 
Cumbitara, Nariño, 
El Charco, Nariño, 
El Peñol, Nariño, 
El Rosario, Nariño, 
El Tablón, Nariño, 
El Tambo, Nariño, 
Francisco Pizarro, Nariño, 
Funes, Nariño, 
Guachucal, Nariño, 
Guaitarilla, Nariño, 
Gualmatán, Nariño, 
Iles, Nariño, 
Imués, Nariño, 
Ipiales, Nariño, 
La Cruz, Nariño, 
La Florida, Nariño, 
La Llanada, Nariño, 
La Tola, Nariño, 
La Unión, Nariño, 
Leiva, Nariño, 
Linares, Nariño, 
Los Andes, Nariño, 
Magüí Payán, Nariño, 
Mallama, Nariño, 
Mosquera, Nariño, 
Nariño, Nariño, 
Olaya Herrera, Nariño, 
Ospina, Nariño, 
Pasto, Nariño, 
Policarpa, Nariño, 
Potosí, Nariño, 
Providencia, Nariño, 
Puerres, Nariño, 
Pupiales, Nariño, 
Ricaurte, Nariño, 
Roberto Payán, Nariño, 
Samaniego, Nariño, 
San Bernardo, Nariño, 
Sandona, Nariño, 
San Lorenzo, Nariño, 
San Pablo, Nariño, 
San Pedro de Cartago, Nariño, 
Santa Barbara, Nariño, 
Santacruz, Nariño, 
Sapuyes, Nariño, 
Taminango, Nariño, 
Tangua, Nariño, 
Tumaco, Nariño, 
Túquerres, Nariño, 
Abrego, Norte de Santander, 
Arboledas, Norte de Santander, 
Bochalema, Norte de Santander, 
Bucarasica, Norte de Santander, 
Cachira, Norte de Santander, 
Cácota, Norte de Santander, 
Chinácota, Norte de Santander, 
Chitagá, Norte de Santander, 
Convención, Norte de Santander, 
Cúcuta, Norte de Santander, 
Cucutilla, Norte de Santander, 
Durania, Norte de Santander, 
El Carmen, Norte de Santander, 
El Tarra, Norte de Santander, 
El Zulia, Norte de Santander, 
Gramalote, Norte de Santander, 
Hacari, Norte de Santander, 
Herrán, Norte de Santander, 
La Esperanza, Norte de Santander, 
La Playa, Norte de Santander, 
Labateca, Norte de Santander, 
Los Patios, Norte de Santander, 
Lourdes, Norte de Santander, 
Mutiscua, Norte de Santander, 
Ocaña, Norte de Santander, 
Pamplona, Norte de Santander, 
Pamplonita, Norte de Santander, 
Puerto Santander, Norte de Santander, 
Ragonvalia, Norte de Santander, 
Salazar de las Palmas, Norte de Santander, 
San Calixto, Norte de Santander, 
San Cayetano, Norte de Santander, 
Santiago, Norte de Santander, 
Sardinata, Norte de Santander, 
Silos, Norte de Santander, 
Teorama, Norte de Santander, 
Tibú, Norte de Santander, 
Toledo, Norte de Santander, 
Villa Caro, Norte de Santander, 
Villa del Rosario, Norte de Santander, 
Colón, Putumayo, 
Mocoa, Putumayo, 
Orito, Putumayo, 
Puerto Asís, Putumayo, 
Puerto Caicedo, Putumayo, 
Puerto Guzmán, Putumayo, 
Puerto Leguízamo, Putumayo, 
San Francisco, Putumayo, 
San Miguel, Putumayo, 
Santiago, Putumayo, 
Sibundoy, Putumayo, 
Valle del Guamez, Putumayo, 
Villa Garzón, Putumayo, 
Armenia, Quindío, 
Buenavista, Quindío, 
Calarcá, Quindío, 
Circasia, Quindío, 
Córdoba, Quindío, 
Filandia, Quindío, 
Génova, Quindío, 
La Tebaida, Quindío, 
Montenegro, Quindío, 
Pijao, Quindío, 
Quimbaya, Quindío, 
Salento, Quindío, 
Apía, Risaralda, 
Balboa, Risaralda, 
Belén de Umbría, Risaralda, 
Dosquebradas, Risaralda, 
Guática, Risaralda, 
La Celia, Risaralda, 
La Virginia, Risaralda, 
Marsella, Risaralda, 
Mistrató, Risaralda, 
Pereira, Risaralda, 
Pueblo Rico, Risaralda, 
Quinchía, Risaralda, 
Santa Rosa de Cabal, Risaralda, 
Santuario, Risaralda, 
Providencia and Santa Catalina Islands, San Andrés y Providencia, 
San Andrés Islands, San Andrés y Providencia, 
Aguada, Santander, 
Albania, Santander, 
Aratoca, Santander, 
Barbosa, Santander, 
Barichara, Santander, 
Barrancabermeja, Santander, 
Betulia, Santander, 
Bolívar, Santander, 
Bucaramanga, Santander, 
Cabrera, Santander, 
California, Santander, 
Capitanejo, Santander, 
Carcasí, Santander, 
Cepitá, Santander, 
Cerrito, Santander, 
Charalá, Santander, 
Charta, Santander, 
Chima, Santander, 
Chipatá, Santander, 
Cimitarra, Santander, 
Concepción, Santander, 
Confines, Santander, 
Contratación, Santander, 
Coromoro, Santander, 
Curití, Santander, 
El Carmen, Santander, 
El Guacamayo, Santander, 
El Peñón, Santander, 
El Playón, Santander, 
Encino, Santander, 
Enciso, Santander, 
Florián, Santander, 
Floridablanca, Santander, 
Galán, Santander, 
Gámbita, Santander, 
Girón, Santander, 
Guaca, Santander, 
Guadalupe, Santander, 
Guapotá, Santander, 
Guavatá, Santander, 
Güepsa, Santander, 
Hato, Santander, 
Jesus María, Santander, 
Jordán, Santander, 
La Belleza, Santander, 
Landázuri, Santander, 
La Paz, Santander, 
Lebrija, Santander, 
Los Santos, Santander, 
Macaravita, Santander, 
Málaga, Santander, 
Matanza, Santander, 
Mogotes, Santander, 
Molagavita, Santander, 
Ocamonte, Santander, 
Oiba, Santander, 
Onzaga, Santander, 
Palmar, Santander, 
Palmas Socorro, Santander, 
Páramo, Santander, 
Piedecuesta, Santander, 
Pinchote, Santander, 
Puente Nacional, Santander, 
Puerto Parra, Santander, 
Puerto Wilches, Santander, 
Rionegro, Santander, 
Sabana de Torres, Santander, 
San Andrés, Santander, 
San Benito, Santander, 
San Gil, Santander, 
San Joaquín, Santander, 
San José de Miranda, Santander, 
San Miguel, Santander, 
Santa Bárbara, Santander, 
Santa Helena del Opón, Santander, 
San Vicente de Chucurí, Santander, 
Simacota, Santander, 
Socorro, Santander, 
Suaita, Santander, 
Sucre, Santander, 
Surata, Santander, 
Tona, Santander, 
Valle de San José, Santander, 
Vélez, Santander, 
Vetas, Santander, 
Villanueva, Santander, 
Zapatoca, Santander, 
Buenavista, Sucre, 
Caimito, Sucre, 
Chalán, Sucre, 
Colosó, Sucre, 
Corozal, Sucre, 
Coveñas, Sucre, 
El Roble, Sucre, 
Galeras, Sucre, 
Guaranda, Sucre, 
La Unión, Sucre, 
Los Palmitos, Sucre, 
Majagual, Sucre, 
Morroa, Sucre, 
Ovejas, Sucre, 
Palmito, Sucre, 
Sampués, Sucre, 
San Benito Abad, Sucre, 
San Juan Betulia, Sucre, 
San Marcos, Sucre, 
San Onofre, Sucre, 
San Pedro, Sucre, 
Sincé, Sucre, 
Sincelejo, Sucre, 
Sucre, Sucre, 
Tolú, Sucre, 
Toluviejo, Sucre, 
Alpujarra, Tolima, 
Alvarado, Tolima, 
Ambalema, Tolima, 
Anzoátegui, Tolima, 
Armero (Guayabal), Tolima, 
Ataco, Tolima, 
Cajamarca, Tolima, 
Carmen Apicala, Tolima, 
Casabianca, Tolima, 
Chaparral, Tolima, 
Coello, Tolima, 
Coyaima, Tolima, 
Cunday, Tolima, 
Dolores, Tolima, 
Espinal, Tolima, 
Falán, Tolima, 
Flandes, Tolima, 
Fresno, Tolima, 
Guamo, Tolima, 
Herveo, Tolima, 
Honda, Tolima, 
Ibagué, Tolima, 
Icononzo, Tolima, 
Lérida, Tolima, 
Líbano, Tolima, 
Mariquita, Tolima, 
Melgar, Tolima, 
Murillo, Tolima, 
Natagaima, Tolima, 
Ortega, Tolima, 
Piedras, Tolima, 
Palocabildo, Tolima, 
Planadas, Tolima, 
Prado, Tolima, 
Purificación, Tolima, 
Rioblanco, Tolima, 
Roncesvalles, Tolima, 
Rovira, Tolima, 
Saldaña, Tolima, 
San Antonio, Tolima, 
San Luis, Tolima, 
Santa Isabel, Tolima, 
Suárez, Tolima, 
Valle de San Juan, Tolima, 
Venadillo, Tolima, 
Villahermosa, Tolima, 
Villarrica, Tolima, 
Alcalá, Valle del Cauca, 
Andalucía, Valle del Cauca, 
Ansermanuevo, Valle del Cauca, 
Argelia, Valle del Cauca, 
Bolívar, Valle del Cauca, 
Buenaventura, Valle del Cauca, 
Buga, Valle del Cauca, 
Bugalagrande, Valle del Cauca, 
Caicedonia, Valle del Cauca, 
Cali, Valle del Cauca, 
Calima, Valle del Cauca, 
Candelaria, Valle del Cauca, 
Cartago, Valle del Cauca, 
Dagua, Valle del Cauca, 
El Aguila, Valle del Cauca, 
El Cairo, Valle del Cauca, 
El Cerrito, Valle del Cauca, 
El Dovio, Valle del Cauca, 
Florida, Valle del Cauca, 
Ginebra, Valle del Cauca, 
Guacarí, Valle del Cauca, 
Jamundí, Valle del Cauca, 
La Cumbre, Valle del Cauca, 
La Unión, Valle del Cauca, 
La Victoria, Valle del Cauca, 
Obando, Valle del Cauca, 
Palmira, Valle del Cauca, 
Pradera, Valle del Cauca, 
Restrepo, Valle del Cauca, 
Riofrío, Valle del Cauca, 
Roldanillo, Valle del Cauca, 
San Pedro, Valle del Cauca, 
Sevilla, Valle del Cauca, 
Toro, Valle del Cauca, 
Trujillo, Valle del Cauca, 
Tuluá, Valle del Cauca, 
Ulloa, Valle del Cauca, 
Versalles, Valle del Cauca, 
Vijes, Valle del Cauca, 
Yotoco, Valle del Cauca, 
Yumbo, Valle del Cauca, 
Zarzal, Valle del Cauca, 
Caruru, Vaupés, 
Mitú, Vaupés, 
Taraira, Vaupés, 
Pacoa, Vaupés, 
Papunahua, Vaupés, 
Yavarate, Vaupés, 
Cumaribo, Vichada, 
La Primavera, Vichada, 
Puerto Carreño, Vichada, 
Santa Rosalía, Vichada, 